Event Type:,Place:,Event Date:,Estimated Total Cost:,Comments
Meteorological - Hydrological | Wildfire,British Columbia,"September 8, 2020",Unknown,"In mid-September, serious wildfires burning in California, Oregon and Washington caused plumes of smoke to travel to British Columbia and Alberta. Special air quality statements and advisories were issued on September 8th for parts of southern British Columbia. By September 15th, the bulletins extended as far as Williams Lake, and then to Terrace 2 days later. The air quality advisories continued to September 21. Because of the wildfire smoke, it is reported that Vancouver experienced some of the worst air quality conditions in the world and particulate matter was six times higher than the 2017 and 2018 fire seasons in BC. Canada Post suspended mail delivery in some locations in central and southern BC. Air quality alerts were also issued for southwestern Alberta. Plumes of wildfire smoke were also reported across Canada and as far as Atlantic Canada."
Meteorological - Hydrological | Wildfire,Pikangikum First Nation,"May 30, 2019",Unknown,"In May of 2019, the Pikangikum First Nation was threatened by a large wildfire (Red Lake 14). The community declared a state of emergency, and the Canadian Armed Forces began evacuations of the community on May 30th using a CC-130 Hercules aircraft. Roughly, 2,500 residents were evacuated."
Meteorological - Hydrological | Wildfire,"High Level, Alberta","May 12, 2019",Unknown,"Persistent drought conditions had been recorded in northwestern Alberta since July of 2018 and were ideal for wildfire. On May 11th, the Chuckegg Creek wildfire was discovered by a lookout and was most likely initiated the evening before by a lightning strike. In the late afternoon of May 17th, high winds fanned the fire and it was declared out of control. The fire grew from 23 km2 (2,300 ha) to over 714 km2 (71,400 ha) between May 17th and 20th. As a result, over 3,000 residents of Mackenzie County, the Town of High Level and the Dene Tha' First Nation were evacuated; residents of Keg River and Carcajou were also evacuated. They were able to return home between June 2nd and 5th. The fire led to  more evacuations in June and included the Hamlet of La Crete, Beaver First Nation and the community of Blue Hills. On May 31st, the Province of Alberta requested federal assistance. The Chuckegg Creek wildfire fire was deemed out of control for 98 days and burned a total of 3,501 km2 (350,135 ha). It was declared under control on August 18th. The Paddle Prairie Metis Settlement and the Thompkins Landing/Blue Hills areas were impacted by the wildfire. In Paddle Prairie Metis Settlement, for example, there was both physical and cultural impacts including 16 homes that were destroyed and significant loss to several traditional medicine gathering sites. Two other major fires occurred in northern Alberta during that season - the McMillian and Battle fires - in total roughly 20 communities (15,000 individuals) were affected by evacuations."
Meteorological - Hydrological | Wildfire,British Columbia,"August 15, 2018",Unknown,"British Columbia and its interior and south coast regions experienced exceptionally hot and dry weather in May and throughout the summer. For 2 consecutive years, the BC wildfire seasons were record-breaking. At the end of the season, there was a reported 2,091 fires that burned over 1.35 million hectares of land; more than the previous record. A provincial State of Emergency was declared on August 15th and eventually cancelled on September 7th.
In August during the peak of the fire season, over 10 million Canadians were exposed to exposed to smoke-polluted air – Calgary had 478 hours of smoke and haze which is almost 40 times their normal amount."
Meteorological - Hydrological | Wildfire,Ontario,"July 3, 2018",Unknown,"2018 was an exceptionally busy fire season in Ontario with nearly twice as many fires and more than double the burned area than the 10-year average. At the end of the season, there was a reported 1,325 fires that burned over 275,000 ha of land. In July alone, 549 fires were recorded. Over 900 out-of-province personnel were brought in from 9 provinces and territories, the United States and Mexico. 
Some of the most notable fires were: Nipigon 30 which was the largest fire and burned almost 33,000 ha; and both Parry Sound 33 and the Temagami fire cluster led to multiple evacuation orders of communities, the closure of provincial parks, and air quality advisories."
Meteorological - Hydrological | Wildfire,"Little Grand Rapids, Manitoba","May 21, 2018",Unknown,"Abnormally dry conditions had been recorded throughout parts of southern Manitoba in 2017 and into 2018. By the end of March, dry conditions began to extend into northern Manitoba, and in May these conditions existed across nearly the entire province. Several wildfires were reported across northern Manitoba in May. Around May 21st, a human-caused fire was initiated near the Indigenous communities of Little Grand Rapids First Nation and Pauingassi First Nation that led to an evacuation - roughly 1,790 residents were evacuated with assistance from the Canadian Armed Forces as well as other Government of Canada departments. The Red Cross also helped in the effort. Residents were able to return home in late June. Throughout the fire season, communities across Manitoba threatened by fire were evacuated including Sapotaweyak Cree Nation and Kinonjeoshtegon First Nation, Black Sturgeon Falls, and Shoal River. Although the 2017 fire season in Manitoba was only slightly above average, over 180 firefighters from Ontario and resources from Quebec were needed in the fire efforts."
Meteorological - Hydrological | Wildfire,"Island Lake Area, Manitoba","August 30, 2017",Unknown,"Abnormally dry conditions in northern Manitoba progressed throughout July and into August of 2017; this created ideal fire conditions. In the last week of August, a large wildfire moved to within 1 km of the Wasagamack First Nation; this led to the evacuation of the entire community. Residents were first evacuated by boat to St. Theresa Point First Nation and then flown to host communities. St. Theresa Point FN and Garden Hill FN were also evacuated. The Canadian Armed Forces assisted in the evacuation efforts and Red Cross with the relief efforts. By September 8th, the 288 km2 (28,800 ha) fire was being held within 1 km of the Wasagamack First Nation."
Meteorological - Hydrological | Wildfire,British Columbia,"July 7, 2017","$130,000,000","Canada’s western region, including British Columbia, experienced record-breaking hot and dry weather. Up until 2017, this was the worst fire season on record. From July 6-8, a total of 190 fires started - 108 fires on July 7th alone. For the first time in 15 years, there was a province-wide State of Emergency which lasted 70 days and was the longest in BC’s history. At the end of the season, there was a reported 1,265 fires that burned 1.2 million hectares of land; 30% more than the previous record. At the peak of fire activity, there were 4,700 personnel fighting wildfires across the province including 1,200 out-of-province personnel from Australia, Mexico, New Zealand, the United States, and other provinces and territories. For the first time since 2003, the Canadian Armed Forces were also brought in. Over 300 structures burned in addition to 100s of power poles and transmission towers. The total cost of this record-breaking fire season is estimated to be over $700 million, including over $568 million in firefighting costs and $130 million in insured property losses.
Some of the notable fires were: The Plateau Complex fires in which 20 fires merged on the Chilcotin Plateau and burned 545,151 ha of land – the same size as PEI and the largest in BC’s recorded history. The Elephant Hill fire was exceptionally devastating and burned 123 homes, and significantly impacted 23 First Nation communities. The Central Cariboo Complex fire measured 31,181 ha led to the evacuation order of the city of Williams Lake which has a population of over 10,000 people."
Meteorological - Hydrological | Wildfire,West Kelowna BC,"August 21, 2016",Unknown,"West Kelowna BC, August 21-25, 2016. A wildfire broke out on the evening of August 21, near Bear Creek Provincial Park located north of West Kelowna. The Central Okanagan Regional District ordered an evacuation of 156 homes (approximately 468 individuals). In addition, campers from the Bear Creek Provincial Park were also evacuated. Firefighting crews quickly gained control of the blaze, which was 52 hectares in size and 60 per cent contained by August 22. Evacuation orders were lifted for 51 homes and campers were temporarily allowed into their campsites to remove possessions, vehicles and trailers on August 22. The wildfire was 100 per cent contained by January 25."
Meteorological - Hydrological | Wildfire,Burns Bog BC,"July 3, 2016",Unknown,"Burns Bog BC, July 3-6, 2016. A wildfire 78 hectares in size burned in the Burns Bog Delta Nature Reserve, located near Surrey British Columbia. The fire prompted a local state of emergency due to its proximity to suburban residential streets and an industrial complex. Delta’s Tilbury Industrial Park, which is comprised of 25 commercial businesses, was evacuated on July 3 and workers were unable to return until July 6. A section of Highway 17, from Highway 99 to the Highway 91 connector, temporarily closed as the fire burned dangerously close to the road. Burns Bog is the largest raised peat bog and the largest undeveloped urban land mass in the North American west coast. Officials predict that it could take up to a century for the bog to be completely restored."
Meteorological - Hydrological | Wildfire,Easterville and Chemawawin MB,"June 23, 2016",Unknown,"Easterville and Chemanwawin MB, June 23-27, 2016. Evacuation orders were issued for the communities of Easterville and Chemanwawin Cree Nation, located 450 kilometres north of Winnipeg, due to smoke and the threat of a wildfire that came within half a kilometre of the two communities. There were three fires burning in the area at the time. The fire closest to Easterville and Chemanwawin reached a peak size of 350 hectares. Two water bombers, four bulldozers and seven ground crews kept the fire from reaching the communities. Approximately 2000 people from Chemawawin were evacuated and brought to Winnipeg and approximately 70 people from Easterville were evacuated and brought to The Pas. The Canadian Red Cross along with the help of the Indigenous and Municipal Relations (IMR) assisted with the coordination of the evacuation."
Meteorological - Hydrological | Wildfire,Fort McMurray AB,"April 30, 2016","$4,068,678,000","Fort McMurray AB, April 30 to June 1, 2016. In May 2016, wildfires broke out in northern Alberta resulting in the most expensive natural disaster in the history of Canada. The city of Fort McMurray, located in the heart of the Athabasca oil sands, was hit by a massive system of wildfires that swept through the Regional Municipality of Wood Buffalo. The first wildfire was discovered on April 30, north of Fort McMurray. The Regional Municipality declared a local state of emergency and a mandatory evacuation order for Centennial Park on May 1 as well as another evacuation order for Prairie Creek and Centennial Trailer Park on May 2. The Fort McMurray fire grew rapidly due to hot and dry weather conditions, doubling in size to 2,656 hectares in a manner of hours. On May 3, the wildfire intensified and crossed over Highway 63, cutting off the route to evacuees, prompting the Athabasca Chipewyan First Nation to declare a state of local emergency and a mandatory evacuation order for Fort McMurray’s Lower Townsite and downtown area, which included the communities of Gregoire, Beacon Hill, Abasand, Waterways, Draper, Saline Creek, Grayling Terrace, Thickwood, Wood Buffalo and Dickinsfield. Later in the day the entire city of Fort McMurray was under a mandatory evacuation order. During the evacuations two people were killed in a car crash. On May 4, the Alberta government declared a provincial state of emergency. The Fort McMurray fire quickly grew to 85,000 hectares as the wildfire spread further north and east eventually passing through Fort McMurray. Evacuees that fled north of Fort McMurray had to be air lifted to safety. Some evacuees were taken to Lac La Biche, while the majority where sent to Edmonton and Calgary. On May 10, two of the main Fort McMurray fires joined together and formed a massive blaze of 229,000 hectares. On May 16, all workers in work camps and oil sand operations north of Fort McMurray were forced to move south as the wildfire spread further north. Residents of Fort McMurray were allowed to return home on June 1. In total, the Fort McMurray fires burned approximately 579,767 hectares of land causing the evacuation of over 90,000 people and destroyed 2,400 homes and business, including 530 other buildings that were damaged. At its peak, there were over 2000 firefighters working the fires daily, including helicopters and water bombers. In addition, firefighters received help from 200 firefighters from the United States, 60 from Mexico and 298 from South Africa. Firefighters and emergency response personnel received help from the Canadian Red Cross who assisted with evacuation efforts."
Meteorological - Hydrological | Wildfire,"Paul First Nation, AB","April 18, 2016",Unknown,"Paul First Nation, AB, April 18-21, 2016. A state of emergency was issued for the Paul First Nation community located on Lake Wabumun, 70 km west of Edmonton. A large wildfire burned dangerously close to the community threatening 21 homes in the northeast corner of the reserve. The wildfire that destroyed one home forced the evacuation of 164 people outside the community of 1,100 residents. Wildfires burning around Edmonton destroyed two homes, injured two firefighters and destroyed one fire truck."
Meteorological - Hydrological | Wildfire,Northern Saskatchewan,"July 1, 2015","$92,191,000","Northern Saskatchewan, July 1-18, 2015. The 2015 wildfire season in Saskatchewan featured an unprecedented number of wildfires that consequently caused the biggest fire evacuation effort in Saskatchewan’s history to date. More than 13,000 people from 54 different communities had to be evacuated from their homes in Northern Saskatchewan due to over 720 wildfires that burned nearly 1.8 million hectares of land. The two most severely impacted communities were La Ronge and Montreal Lake. Approximately 7,900 residents of La Ronge Indian Band were forced to evacuate, while in Montreal Lake approximately 1,500 residents evacuated due to several wildfires that destroyed six buildings in the area. Up to 1,500 members of the Canadian Armed Forces were sent to the La Ronge area to assist firefighters."
Meteorological - Hydrological | Wildfire,British Columbia,"May 9, 2015","$20,401,000","British Columbia, May 9 to September 11, 2015. The 2015 wildfire season in British Columbia was the worst on record, in terms of number of fires and hectares burned, to impact the province in 10 years. During the wildfire season that spanned from May to September, over 1,800 fires burned over 300,000 hectares of land. Approximately two thirds of the fires were caused by lighting. The season began early with the discovery of the Little Bobtail Lake fire on May 9. Many fires were within a close proximity of urban areas prompting evacuation orders and alerts across the province. A number of communities were affected by evacuation orders and alerts. Evacuation orders were issued for 141 homes in Joe Rich Kelowna, 70 homes in West Kelowna, 150 homes in Port Hardy and 110 homes in Testalinden, including others. In Puntzi Lake, 90 homes were evacuated and 18 structures were destroyed, while in Rock Creek 330 homes were evacuated and 30 homes as well as 15 other structures were destroyed. Across the province, 1,144 homes (approximately 3,432 individuals) were evacuated due to wildfires. BC Hydro was forced to cut power to certain communities as a precaution, like in West Kelowna where power was cut to 100 customers (approximately 300 individuals). Additional personnel and resources were needed to help battle to above average number of fires burning throughout the province including 310 out-of province firefighters as well as firefighters from Australia, South Africa and the United states. In total, 2,500 firefighters and support workers were working across the province during the peak of the wildfire season. One man was fatally injured while felling a danger tree at the Old Sechelt Mine fire."
Meteorological - Hydrological | Wildfire,British Columbia,"July 1, 2014","$300,000,000","British Columbia, July 1 to September 30, 2014. A significant heat wave across British Columbia in July and August led to record breaking dry conditions and “high” to “extreme” fire danger ratings in most of the province. Almost 360,000 hectares of land was burned –the third highest in the history of the province. Over 4,500 people were forced to evacuate throughout the season with the largest evacuations taking place in West Kelowna where 2,500 people fled and Hudson’s Hope where 1,150 people fled in July due to wildfires. At its peak, over 3000 firefighters and frontline crews worked at combating the fires, and as a result, significant damage to infrastructure and communities was avoided. As of November 2014, the Government of British Columbia estimated it spent approximately $300 million dollars responding to wildfires for the 2014 season."
Meteorological - Hydrological | Wildfire,Northwest Territories,"June 1, 2014","$55,000,000","Northwest Territories, July 1 to September 18, 2014. Abnormally dry conditions and high temperatures fed peak wildfire conditions during the 2014 fire season. By mid-July, 168 separate fires were burning throughout the territory. Voluntary and mandatory evacuations were issued in June and July, most notably in the town of Kakisa where 60 residents were evacuated to Hay River and Fort Providence. The Taltson hydroelectric facility was temporarily shut down as a precautionary measure due to fires that threatened the main transmission lines. By the end of the wildfire season, over 3.5 million hectares of land was burned, the most in over 30 years. In total, 385 fires burned throughout the territory in 2014, 57 per cent more than the annual average. The Government of the Northwest Territories spent $55 million dollars fighting wildfires in 2014, more than eight times the average cost."
Meteorological - Hydrological | Wildfire,Vita MB,"October 2, 2012",Unknown,"Vita MB, October 2-3, 2012.  The town of Vita, south of Winnipeg, declared a state of local emergency in the face of wildfires on October 2.  Fuelled by high winds and extremely dry conditions, the wildfire forced the immediate evacuation of approximately 300 people to nearby Steinbach where they were received at the Steinbach Mennonite Church. Evacuees were allowed to return home on October 3, as the fire passed the town and moved south. Three homes and one bridge in the area were destroyed. The fire also affected residents of the rural municipality of Tache and the community of Ross, 120 of whom were also evacuated until the fire passed."
Meteorological - Hydrological | Wildfire,Lethbridge and Coalhurst AB,"September 10, 2012",Unknown,"Lethbridge and Coalhurst AB, September 10-11, 2012. Two large grass fires prompted local states of emergency and evacuations in southern Alberta. The first fire originated in the Blood Reserve near Coalhurst and Lethbridge. Approximately 2,200 residents in Coalhurst as well as residents in a Lethbridge trailer park were evacuated and sent to safe zones in Lethbridge. A second grass fire burned near the town of Milk River were approximately 800 people were evacuated to the nearby town of Raymond.  Both grass fires damaged several sheds and outbuildings and destroyed one house. There was also one fire related injury reported. Residents were allowed to return to their homes on September 10 in Coalhurst and September 11 in Lethbridge."
Meteorological - Hydrological | Wildfire,Peachland BC,"September 9, 2012",Unknown,"Peachland BC, September 9-12, 2012.  A forest fire was reported on September 9 in Trepanier Bench in Peachland, British Colombia. Strong winds at speeds estimated between 30 to 40 km/h spread the fire quickly. An evacuation order for approximately 1,550 residents went into effect on September 9.  The District of Peachland immediately opened Reception Centres to support evacuated residents. The Central Okanagan Emergency Operation Centre was in full operation and supported firefighting efforts from BC Wildfire Management, West Kelowna, Peachland, and Kelowna. The Regional District Parks Services closed the Trepanier Creek Greenway Regional Park until a hazard assessment was conducted and the area deemed safe for the public. Evacuated residents began returning on September 10 with the last 258 evacuees returning on September 12. Three homes and several buildings were destroyed during the fire."
Meteorological - Hydrological | Wildfire,Sandy Lake First Nation ON,"July 31, 2012",Unknown,"Sandy Lake ON, July 31 to August 6, 2012. The Sandy Lake First Nation declared a state of emergency due to the risk of smoke from wildfiresfires in northern Ontario. A total of 637 residents were evacuated to Thunder Bay and Fort Frances. Evacuees began returning to their homes on August 5, with the remaining evacuees allowed to return home on August 6."
Meteorological - Hydrological | Wildfire,Island Lake and Garden Hill MB,"July 23, 2012",Unknown,"Island Lake and Garden Hill MB, July 23 to August 1, 2012. The smoke from a wildfire forced the evacuation of hundreds of people from communities within the region of Island Lake and Garden Hill. By July 30, the total amount of evacuees had climbed to 1,428 and were sheltered in the communities of Brandon, Gimli, Morris, Portage la prairie, and Winnipeg."
Meteorological - Hydrological | Wildfire,Mackenzie County AB,"July 11, 2012",Unknown,"Mackenzie County AB, July 11-20, 2012. As many as 11 wildfires burned out of control in Mackenzie County in northwestern Alberta, leading to two community evacuations.  All Zama residents, including work camps were evacuated under a mandatory evacuation order on Tuesday, July 10 until July 20.  The Zama access road was closed and a controlled barricade was set up at the Assumption Bypass/Apache Road into Zama to ensure that only authorized personnel were allowed access.  A reception centre for evacuees was set up in the town hall of High Level. There were approximately 300 evacuees, including 134 from Zama and 164 from the Dene Tha’ First Nation. The evacuation order was lifted July 17. Firefighters from Yukon, New Brunswick, Ontario, Alaska, and Mexico, along with helicopters and other equipment, joined over 300 firefighters already taking shifts to battle the fires in northern Alberta. Alberta’s Environment and Sustainable Resource Development (ESRD) provided sprinkling protection systems for all north end homes with additional sprinkling systems having been ordered to protect the homes located in the Zama interior.  A sprinkling system for the fireguard along the containment line was also provided by ESRD.  On July 17, Alberta Health Services issued an air quality advisory for residents in the La Crete area with respiratory concerns, advising them to visit the advanced ambulatory care centre located in the La Crete Community Health Centre. The advisory was lifted July 23."
Meteorological - Hydrological | Wildfire,Northwest River and Sheshatshiu NL,"June 24, 2012",Unknown,"North West River and Sheshatshiu NL, June 24-25, 2012. Two local states of emergency were declared when wildfires threatened the communities of North West River and Sheshatshiu. There were over 1000 residents who had to be evacuated and air lifted to safety. Approximately 700 evacuees were accommodated at Canadian Forces Base Goose Bay and 300 were accommodated in emergency housing in Happy Valley-Goose Bay. The evacuation order was lifted on June 25 and residents were allowed to return to their homes."
Meteorological - Hydrological | Wildfire,Sheshatshiu NL,"June 23, 2012",Unknown,"North West River and Sheshatshiu NL, June 23-25, 2012. On June 23, the Department of Natural Resources Forestry Division recommended a mandatory evacuation of the communities of North West River and Sheshatshiu First Nation, located approximately 20 kilometers north of Goose Bay, due to smoke and the threat from wildfires. On June 24, both communities declared local states of emergency with residents being placed under immediate evacuation order. Fire and Emergency Services - Newfoundland and Labrador (FES-NL) coordinated the Provincial Government response activities in Labrador and a Provision of Service agreement with the Department of National Defence (DND) was activated.  Approximately 800 people were housed at Canadian Forces Base (CFB) Goose Bay and another approximate 300 people were also accommodated in emergency housing in Happy Valley-Goose Bay.  Many individuals also stayed with family, friends or in private accommodations in the Happy Valley-Goose Bay area.  The evacuation order was lifted on June 25 and the evacuees returned home."
Meteorological - Hydrological | Wildfire,Timmins ON,"May 24, 2012",Unknown,"Timmins ON, May 24 to June 07, 2012. A state of emergency was declared when smoke from a wildfire approximately 70 kilometers wide threatened communities in and around Timmins, Ontario. Approximately 1000 residents from the region were evacuated as a precaution. The fire forced the temporary closure of some mining operations. On June 7, the fire was contained and residents were able to return home."
Meteorological - Hydrological | Wildfire,Kirkland Lake ON,"May 20, 2012",Unknown,"Kirkland Lake ON, May 20-29, 2012. A wildfire near the town of Kirkland Lake forced the evacuation of approximately 300 people and caused the town to declare a state of emergency. Damage from the fire included a power line and an undetermined number of cabins in the Young Lake and Amikougami Lake area. Power outages affected local mining operations. All evacuated permanent residents returned to their homes on May 27. The Ontario Provincial Police reported that the fire originated from a campfire on the east side of Elsie Lake."
Meteorological - Hydrological | Wildfire,Northern Ontario,"July 6, 2011",Unknown,"Northern Ontario, July 6-25, 2011. A lighting storm on July 6 sparked a series of wildfires that spread throughout northern Ontario. Fire personnel were unable to gain control of the fires, which burned roughly 300,000 hectares of land. As of July 20, there were 112 wildfires burning in the region. Evacuation orders were put in place for communities in direct threat from the fires as well as those communities suffering from the impacts of smoke, power outages, food shortages and a lack of food storage capacity, since many communities are only accessible by air. The following evacuations occurred: 535 people from Deer Lake First Nations (FN), 260 people from Cat Lake FN, 50 people from Mishkeegogamang FN, 280 people from Eabametoong FN (Fort Hope), 197 people from Keewaywin FN, approximately 1000 people from Kingfisher Lake FN, approximately 770 people from Sandy Lake FN and approximately 200 people from North Spirit Lake. In addition, the entire communities of Keewaywin FN and Koocheching FN had been completely evacuated. In total, approximately over 3,300 people were evacuated. Wildfires severely damaged more than 86 hydro poles and over 13 kilometres of hydro lines, resulting in power outages across the northern region."
Meteorological - Hydrological | Wildfire,Mishkeegogamang Ojibway First Nation (New Osnaburgh) ON,"June 21, 2011",Unknown,"Mishkeegogamang Ojibway First Nation (New Osnaburgh) ON, June 21-27, 2011.  A state of emergency was declared as the First Nation community was overcome by smoke from more than 17 wildfires burning within 10 kilometres of the community’s housing area. The fire was estimated to be 37,000 hectares in size and was out control. There were 423 residents that were evacuated between June 22 and June 24. Sioux Lookout, Greenstone (Gerldton) and Ignace declared states of emergency. The Ontario Ministry of Natural Resources (MNR) deployed 10 fire ranger crews to bring the fires under control while the Department of National Defense (DND) assisted with evacuations, and Health Canada assisted with medical services."
Meteorological - Hydrological | Wildfire,Hall Lake SK,"June 12, 2011",Unknown,"Hall Lake SK, June 12-14, 2011. On June 12, the Saskatchewan Emergency Management Organization reported a 25 to 40 hectare wildfire burning approximately three to four kilometers from the La Ronge First Nation subcommunity of Hall Lake. In total, there were 440 residents evacuated. As of June 14, the wildfire was no longer considered to be a direct threat to residents, and the evacuation order was lifted."
Meteorological - Hydrological | Wildfire,Wollaston Lake SK,"June 2, 2011",Unknown,"Wollaston Lake SK, June 2 to 9, 2011. On June 1, the Saskatchewan Emergency Organization reported that a 500 hectare fire was burning approximately 1.5 kilometres southwest of the community of Wollaston Lake. Winds blowing in from the southwest caused the fire and smoke to encroach upon the community, and the fire increased to 1,100 hectares by the following day. On June 2, a total of 1,137 residents were evacuated but damages to structures had not been reported at that time."
Meteorological - Hydrological | Wildfire,Slave Lake AB,"May 15, 2011","$581,099,000","Slave Lake AB, May 15 to May 22, 2011. Fortynine wildfires in north-central Alberta burned across the Lesser Slave River Region, prompting one of the most destructive wildfires in Canadian history. A state of emergency was declared by the Municipal District of Lesser Slave River No. 124 on May 15, after a wildfire that originated in the town of Slave Lake began to spread uncontrollably, affecting surrounding communities. The wildfire devastated the town of Slave Lake, where 374 buildings were destroyed and 52 damaged by the flames. Approximately 7000 people were evacuated from the town of Slave Lake and 735 individuals and families lost their homes. Outside of the town of Slave Lake, 59 other buildings were destroyed and 32 were damaged. Other affected communities include High Prairie, Little Buffalo, Red Earth Creek, Loon Lake First Nation (FN), Whitefish Lake FN and Woodland Cree FN. Penn West Petroleum, Exall Energy Corp. and Canadian Natural Resources Ltd. halted drilling in the region, suspended production and evacuated their employees. Canadian National (CN) Railway also halted their services in the region. By May 19, the number of evacuees rose to approximately 12,055. The total cost in damages was estimated at over $500 million."
Meteorological - Hydrological | Wildfire,British Columbia,"July 28, 2010","$257,339,000","British Columbia, July 28 to September 8, 2010.  Due to little precipitation and lightning strikes, from July 28 to July 31, the number of fires in British Columbia went from 600 to 1,100.  On August 18, strong winds blew through the interior causing substantial growth of the fires. Throughout the wildfire season, approximately 461 homes (1,383 individuals) were ordered to evacuate the region and hundreds of other homes were put on evacuation alert. The hardest hit areas were Chilcotin, Houston, Williams Lake, Burns Lake and Fraser Lake. All evacuation orders and alerts were removed by the first week of September.  Approximately 330,000 hectares burned due to 1,673 fires.  Over 1,400 personnel from out-of-province assisted with fighting the fires.  Two air tanker pilots died in a plane crash while fighting the fires.  Both the city of Vancouver and the Government of Alberta issued air quality warnings due to smoke caused by the fires."
Meteorological - Hydrological | Wildfire,Cranberry Portage MB,"June 23, 2010","$9,572,104","Cranberry Portage MB, June 23 to July 6, 2010. A wildfire 13 kilometres east of Cranberry Portage prompted mandatory and voluntary evacuation orders. Residents from Cranberry Portage were advised to evacuate on June 23 due to smoke from the approaching flames. The Iskwasum and Gyles campgrounds in the Grass River Provincial Park were under a mandatory evacuation order. The road between Cranberry Portage and Sherridon was temporary closed to local traffic due to concerns over visibility. On June 24, approximately 200 people voluntarily evacuated from Cranberry Portage as the fire grew in size. The wildfire reached a maximum size of approximately 55,000 hectares and there were 440 firefighters, 13 helicopters and 13 water bombers combating the flames. On July 6, the travel restrictions near Cranberry Portage were lifted."
Meteorological - Hydrological | Wildfire,Chapleau ON,"May 27, 2010",Unknown,"Chapleau ON, May 27, 2010. A forest fire, which started in the Chapleau area near Wawa, burned through approximately 22 hydro poles and caused a power outage affecting approximately 2,000 local residents."
Meteorological - Hydrological | Wildfire,Wemotaci reserve and La Tuque QC,"May 23, 2010",Unknown,"Wemotaci reserve and La Tuque QC, May 23, 2010. A 39 hectare fire forced the evacuation of 1,300 residents from the Wemotaci reserve. This was just one of over 50 fires throughout the province that raged for weeks, resulting in large amounts of smoke leading to a smog alert for Montreal, Vaudreuil, Soulanges, Huntingdon, Richelieu Valley, St. Hyacinthe, Lachute, St. Jerome, Lanaudiere, Mauricie, Drummondville, and Bois-Franc."
Meteorological - Hydrological | Wildfire,County of Thorhild AB,"May 12, 2010","$10,000,000","County of Thorhild AB, May 12, 2010. A wildfire in the county of Thorhild, north of Edmonton, affected thousands of acres of land. The community of Opal experienced numerous evacuation orders, which affected up to 100 homes on May 17. The Province of Alberta provided $10 million in funding under the Municipal Wildfire Assistance Program to aid in the community's recovery."
Meteorological - Hydrological | Wildfire,"Kelowna, Kamloops and Cariboo BC","May 1, 2009","$98,743,529","Kelowna, Kamloops and Cariboo BC, May 1 to August 31, 2009.  Fire season 2009 had 3,200 fires, 213 of which were wildland-urban interface fires. On July 18, fires broke out in the Glenrosa and Rose Valley communities of West Kelowna, combined with the Terrace Mountain fire west of Fintry, which led to multiple evacuation orders and alerts. July also saw an abundance of lightning storms leading to other fires of note throughout the province. Temperatures continued to break record highs and little precipitation was received in most areas. As September began, all personnel continued to work hard to contain fires across the Kamloops and Cariboo regions. The Lava Canyon fire, the largest, was nearly 55,000 hectares and growing.  There were over 100 notable fires during this fire season: at least 27 caused evacuation orders and at least a dozen more caused evacuation alerts.  Approximately 20,000 people were evacuated. One helicopter pilot lost his life in the line of duty."
Meteorological - Hydrological | Wildfire,Deschambault Lake SK,"July 1, 2008",Unknown,"Deschambault Lake SK, July 1-6, 2008. A large wildfire threatened the community of Deschambault Lake in northern Saskatchewan. The fire was only 1.5 kilometres away from the community before it was redirected by firefighters using a technique called ""back burning,"" which involves igniting a controlled burn in front of the fire in order to reduce the amount of fuel. Approximately 1000 residents were evacuated on July 1 and did not return home until July 6."
Meteorological - Hydrological | Wildfire,Northern Saskatchewan,"June 30, 2008",Unknown,"Northern Saskatchewan, June 30, 2008. Approximately 2,500 people from the communities of Sandy Bay, Stony Rapids, Pelican Narrows, Black Lake and Uranium City in Saskatchewan's far north have been forced out of their homes due to 64 forest fires."
Meteorological - Hydrological | Wildfire,Halifax NS,"June 13, 2008",Unknown,"Halifax NS, June 13, 2008. An unforeseen brush fire ravaged a wooded area east of Halifax. The fire destroyed two homes and forced 5000 residents to evacuate their homes."
Meteorological - Hydrological | Wildfire,Pukatawagan MB,"June 10, 2008",Unknown,"Pukatawagan MB, June 10, 2008. A town in northern Manitoba declared a state of emergency as food and other necessities dwindled away because of a burned-out railway bridge. More than 2,600 people in Pukatawagan, located about 900 kilometres northwest of Winnipeg, were faced with shortages of food and supplies, including baby products because of a wildfire that damaged the local railway bridge connecting the isolated community with the rest of the province. During the summer months there are only two ways to access Pukatawagan, by air or by rail."
Meteorological - Hydrological | Wildfire,Norway House and Sherridon MB,"May 28, 2008",Unknown,"Norway House and Sherridon MB, May 28, 2008. A forest fire, that stretches from a point to the south of Lynn Lake in the northwest corner of the province south to Norway House Cree Nation and east to the Island Lake First Nations, has forced as many as 3,330 people out of their homes."
Meteorological - Hydrological | Wildfire,Newbrook AB,"May 16, 2008",Unknown,"Newbrook AB, May 16-19, 2008. A wildfire burning near the community of Newbrook forced the evacuation of approximately 150 people. A team of 115 firefighters aided by 40 firefighters from British Columbia, halted the fire from reaching Newbrook by bulldozing a strip of timber in between the town and the fire, which prevented the fire from spreading. The fire reached a maximum size of 1,950 hectares. Two houses were destroyed by the blaze."
Meteorological - Hydrological | Wildfire,Natuashish NL,"August 4, 2007",Unknown,"Natuashish NL, August 4-7, 2007. A wildfire destroyed 200 hectares of land and forced the evacuation of 600 local residents. The blaze that burned near the Innu community of Natuashish in Labrador was sparked by accident by a group of teenagers who started a fire to warm themselves up after swimming in the popular swimming hole near the airport. The fire spread so rapidly that the teenagers narrowly escaped with their lives. The fire burned for several days and halted flights to the local airport."
Meteorological - Hydrological | Wildfire,Kootenay BC,"August 1, 2007",Unknown,"Kootenay BC, August 1, 2007. Forest fires raging in southeastern British Colombia triggered a state of local emergency and caused three homes to be evacuated and power to be cut to more than 3000 homes."
Meteorological - Hydrological | Wildfire,South Indian Lake MB,"July 19, 2007",Unknown,"Northern Manitoba, July 19-26, 2007. A total of 254 wildfires burned 147,473 hectares of land in Manitoba in the summer of 2007. From July 19 to 26, 55 wildfires were burning in Northern Manitoba. During this time, numerous communities were in danger and had to be evacuated from fires that burned up to 16 kilometres away. Evacuations began as early as July 19, when 435 people from O-Pipon-NaPiwin Cree Nation at South Indian Lake had to be airlifted to safety. On July 24, 330 people were airlifted from Sayisi Dene Nation at Tadoule Lake. In addition, on July 25, 48 people from Tataskweyak Cree Nation at Split Lake and 150 from Shamattawa were evacuated due to smoke. All evacuees were taken to Winnipeg and Thompson. The government of Manitoba deployed 450 firefighters, 27 helicopters and nine water bombers. In addition, five firefighting crews from British Columbia assisted local firefighters. The largest fire burned near South Indian Lake and was 85, 000 hectares in size."
Meteorological - Hydrological | Wildfire,Happy Valley - Goose Bay NL,"June 16, 2007",Unknown,"Happy Valley-Goose Bay NL, June 16-17, 2007.  A forest fire burned near Happy Valley-Goose Bay forcing the evacuation of 200 homes. The blaze that was pushed towards the community by wind gusts of 50 km/h reached up to 300 metres of some homes. Fire crews helped by two water bombers and six helicopters managed to suppress the flames."
Meteorological - Hydrological | Wildfire,Sept-Îles QC,"May 27, 2007",Unknown,"Sept-Îles QC, May 27, 2007. A major forest fire forced the evacuation of approximately 1,500 people from the village of Moisie and the Maliothénam reserve. There were 26 forest fires burning in Quebec at that time."
Meteorological - Hydrological | Wildfire,Northwest Ontario,"May 13, 2007",Unknown,"Northwest Ontario, May 13, 2007. Up to 300 people have been forced from their cottages in an area about 75kms west of Thunder Bay, where the biggest fire among many in Northwest Ontario, Thunder Bay #37, had raged through about 11,500 hectares."
Meteorological - Hydrological | Wildfire,Cariboo-Chilcotin BC,"July 6, 2006",Unknown,"Cariboo-Chilcotin BC, July 6, 2006. About 600 people living in remote communities in BC's Cariboo-Chilcotin region have been forced from their homes by the threat of two massive wildfires."
Meteorological - Hydrological | Wildfire,Nordegg AB,"July 4, 2006",Unknown,"Nordegg AB, July 4-7, 2006. A wildfire that burned two kilometres away from the village of Nordegg, located 200 kilometres West of Red Deer, forced the evacuation of 130 residents, including dozens of campers. The fire grew to be 126 hectares in size and was likely sparked by lighting. Residents returned home July 7."
Meteorological - Hydrological | Wildfire,Tumbler Ridge BC,"July 3, 2006",Unknown,"Tumbler Ridge BC, July 3-5, 2006. A state of emergency was declared for the town of Tumbler Ridge, where multiple wildfires burned threating the residents who live in the coal mining town. The largest of the fires grew to be 9,100 hectares in size and burn nearly 8 kilometres away from the town. Four thousands residents were evacuated due to the fires and returned home on July 5."
Meteorological - Hydrological | Wildfire,Mistissini QC,"June 16, 2006",Unknown,"Mistissini QC, June 16-18, 2006. Residents of the Cree community of Mistissini, located 550 kilometres north of Montreal, were forced to leave their homes due to a wildfire that approached within metres of their community. Approximately 3,200 residents were evacuated and were taken to the community of Chibougamou 90 kilometres away. Residents returned home on June 18."
Meteorological - Hydrological | Wildfire,Kelowna BC,"August 28, 2005",Unknown,"Kelowna  BC, August 28, 2005.  A 25-hectare forest fire was reported in Rose Valley near Kelowna.  Approximately 75 homes in the subdivision were evacuated and about 528 people registered with emergency social services after the evacuation order.  No injuries or casualties were reported."
Meteorological - Hydrological | Wildfire,Chibougamau and James Bay QC,"June 6, 2005",Unknown,"Chibougamau and James Bay QC, June 6, 2005.  In Northern Québec a forest fire near Chibougamau forced the evacuation of approximately 200 residents.  Approximately 650 Hydro-Quebec workers were airlifted in an evacuation operation in the James Bay area due to another forest fire. There were 57 active forest fires in Quebec at the time.  Forest fires have destroyed approximately 170,000 hectares of forest in Quebec this year."
Meteorological - Hydrological | Wildfire,Chisasibi QC,"May 29, 2005",Unknown,"Chisasibi QC, May 29, 2005. Forest fire forced about 600 people in the Cree community of Chisasibi to be evacuated to the nearby village of Radisson.  The fire was human caused, and was started within 1 kilometre of the town.  Evacuees were able to return to their homes by May 30."
Meteorological - Hydrological | Wildfire,"McLure, British Columbia","July 30, 2003",Unknown,"On July 30th, a fire was accidentally initiated in the Lower North Thompson Valley. In August, a state of emergency was declared on the 1st, and 3,800 residents  were evacuated from Barriere, McLure, and Louis Creek, BC. Because the main highway was closed, the evacuations had to be via ferry or on a route that climbed 1,311 m in elevation. Up to this date, BC had an exceptional fire season with 189 fires burning at the same time. Since fire response resources were stretched across the province, out-of-province and military personnel were brought in to help in the fire effort. The Canadian Armed Forces 'Operation Peregrine' provided firefighting assistance for 45 days from early August to October 5th; roughly 400 personnel assisted with the McClure fire. By August 27th, 1,079 firefighters were fighting the fire. The fire lasted for over 75 days, burned 26,240 ha (262 km2) including 72 homes and 9 businesses. The losses were estimated to be $31 million (CAD 2005) and $8.2 million in property damage. Additionally, the loss of a sawmill in Louis Creek led to the more than 180 employees permanently losing their jobs. In British Columbia, the insured losses of this fire season were $200 million (2003 CAD)."
Meteorological - Hydrological | Wildfire,Norman Wells NT,"July 21, 2003","$121,846","Norman Wells, NT, July 21, 2003. Lightening started a fire in an on old-growth black spruce forest approximately 17 km from Norman Wells. The fire was sustained by high temperatures and gusting winds. Norman Wells declared a state of emergency. About 100 people were evacuated due to thick smoke. Those with respiratory problems, the elderly, and the young were evacuated by plane to Inuvik while others were sent to nearby communities via boat."
Meteorological - Hydrological | Wildfire,Southeastern British Columbia and Southwestern Alberta,"July 1, 2003","$159,052,448","Southeastern British Columbia and Southwestern Alberta; July and August 2003.  Dozens of communities were evacuated due to wildfires started by lightning and careless fire use.  Over 50,000 people were evacuated and firefighting costs alone are estimated at $400 million dollars."
Meteorological - Hydrological | Wildfire,"Eastern Passage, Cole Harbour NS","May 19, 2003",Unknown,"Cole Harbour, Eastern Passage NS, May 19, 2003.  A forest fire started in a bog near Cole Harbour.  High winds and dry conditions helped the fire spread out of control burning 240 hectares and forcing the evacuation of 240 homes.  Approximately 500 people were evacuated near Eastern Passage in northeast of Halifax.  No damage or injuries reported."
Meteorological - Hydrological | Wildfire,Manitoba,"April 1, 2003","$5,286,253","Manitoba, April to October 2003. The province of Manitoba experienced 1,148 wildfires during the 2003 season. While the fires actually began at the end of March,  damages began to affect communities in April. The Thompson area was particularly affected. A lightening strike near Thompson began a forest fire that was sustained through hot and dry weather. Approximately 900 people were evacuated, many from aboriginal comunities including: 250 people from Red Sucker Lake First Nation and 92 people from God's River First Nation were evacuated due to fires that began in July. In August, approximately 155 people were evacuated from Shamattawa while 250 were evacuated from Split Lake."
Meteorological - Hydrological | Wildfire,Near community of Sheshatshui and town of North West River NL,"July 3, 2002","$464,286","Near the community of Sheshatshui and the Town of North West River NL, July 3, 2002.  A forest fire ignited 10-12 km from the community of Sheshatshui and the Town of North West River. Approximately 1200 residents were evacuated to the town of Happy Valley-Goose Bay. The fire burned 3km2 of forest."
Meteorological - Hydrological | Wildfire,"Nemiscau region, near James Bay QC","July 2, 2002",Unknown,"Nemiscau region, near James Bay QC, July 2, 2002. Of 50 forest fires burning in Quebec around this time, the Nemiscau fire was the most noticeable.  The fire travelled within 800 metres of the native village of Nemaska. A total of 630 Chisasibi and Nemiscau-region residents were evacuated. The fire was ignited by intense thunder and lightning storms and destroyed over 600 km2 of forest. Consequently, 6000 Quebec forestry workers were laid-off. Hydro-Quebec disconnected its service to 500 000 people given the proximity of the fire to a major power line. Smoke could be seen in most of Quebec, parts of Ontario, and the northeastern United States."
Meteorological - Hydrological | Wildfire,"Kee-Way-Win FN; Townships of Terrace Bay and Schrieber; Village of Rossport; Pays Plat FN; Deer Lake FN, ON","July 1, 2002",Unknown,"Kee-Way-Win FN; Townships of Terrace Bay and Schrieber; Village of Rossport; Pays Plat FN; Deer Lake FN, ON, July 2002. Members of several communities were concerned by nearby fires and smoke. More than 1000 people were evacuated to Thunder Bay, Geraldton and Sioux Lookout. Municipal emergency declarations occurred in six communities."
Meteorological - Hydrological | Wildfire,Hawes/Patuanak SK,"June 28, 2002",Unknown,"Hawes/Patuanak SK, June 28-30, 2002. One hundred three evacuated."
Meteorological - Hydrological | Wildfire,"Crutwell, Dillon, Hatchett Lake, Pelican Narrows, Deschambeault, Wahpeton First Nation, Nordell, Peter Pond SK","June 28, 2002",Unknown,"Crutwell, Dillon, Hatchett Lake, Pelican Narrows, Deschambeault, Wahpeton First Nation, Nordell, Peter Pond SK, June 28 - July 1, 2002. Five hundred six evacuated."
Meteorological - Hydrological | Wildfire,Turnor Lake SK,"June 24, 2002","$31,014","Turnor Lake SK, June 25, 2002. Three hundred and fifty residents of Turnor Lake, located 600 km northwest of Saskatoon, were evacuated to nearby towns. The fire was charged by exceptionally dry and hot weather, and winds pushed the fire towards Turnor Lake. Water bombers continuously dropped their payload on the fire, while the town buildings and trees were showered by industrial sprinkler systems."
Meteorological - Hydrological | Wildfire,"Peerless Lake, Trout Lake AB","June 23, 2002",Unknown,"Peerless Lake and Trout Lake AB, June 23, 2002.  The Peerless Lake Complex involved three separate fires within a small area approximately 155 km north of Slave Lake. These three fires forced the MD of Opportunity No. 17 to evacuate approximately 600 people to Red Earth.  The wild fires consumed a total of 15,438 ha of forest."
Meteorological - Hydrological | Wildfire,Montreal Lake SK,"May 20, 2002","$32,332","Montreal Lake SK, May 20-22, 2002.  Extreme burning conditions existed throughout Saskatchewan at this time.  Winds gusting at 50 to 60 km/h aided the spread of fires (around 48 in total), mostly in grasses and brush.  This specific fire was first spotted around the Bittern Lake area and was moving north towards the eastern part of the community of Montreal Lake.  Approximately 130 evacuees from this community and the Montreal Lake Cree Nation were moved to Prince Albert."
Meteorological - Hydrological | Wildfire,Northern Alberta and Conklin,"May 17, 2002","$1,300,000","Northern AB and Conklin, May 14 - June 7, 2002. The House River Fire was first spotted on May 17, 2002. It burned 248,243 hectares. The fire was approximately 100 km north of Lac La Biche. At its peak, 1,000 firefighters were on the fireline. The task was difficult given the strong and shifting winds and minimal precipitation. The fire perimeter was secured by June 7, 2002. This was Alberta's second largest forest fire since 1961. On May 27 the Regional Municipality of Wood Buffalo evacuated approximately 1,550 people. There were approximately 1,300 from work camps, and 250 from the community of Conklin. All individuals were allowed to return on June 8, 2002."
